{
  "logreg": {
    "roc_auc": 0.8170731707317073,
    "precision": 0.43333333333333335,
    "recall": 0.7222222222222222,
    "f1": 0.5416666666666666
  },
  "rf": {
    "roc_auc": 0.790650406504065,
    "precision": 0.5,
    "recall": 0.3888888888888889,
    "f1": 0.43750000000000006
  },
  "xgb": {
    "roc_auc": 0.763888888888889,
    "precision": 0.0,
    "recall": 0.0,
    "f1": 0.0
  }
}